source,target,weight
CS50: Introduction to Computer Science,Introduction to Computer Science and Programming,40104
Circuits and Electronics,Introduction to Computer Science and Programming,14003
CS50: Introduction to Computer Science,Circuits and Electronics,12529
Circuits and Electronics,Electricity and Magnetism,9053
Justice,Health in Numbers: Quantitative Methods,7898
Health in Numbers: Quantitative Methods,Human Health and Global Environmental Change,7343
CS50: Introduction to Computer Science,Health in Numbers: Quantitative Methods,6591
Introduction to Computer Science and Programming,Electricity and Magnetism,6438
CS50: Introduction to Computer Science,Electricity and Magnetism,6291
Health in Numbers: Quantitative Methods,The Challenges of Global Poverty,6101
Human Health and Global Environmental Change,The Challenges of Global Poverty,5330
CS50: Introduction to Computer Science,Introduction to Solid State Chemistry,5008
CS50: Introduction to Computer Science,Health in Numbers: Epidemiology and Statistics,4833
Introduction to Solid State Chemistry,Introduction to Computer Science and Programming,4481
Health in Numbers: Quantitative Methods,Introduction to Computer Science and Programming,4147
Justice,CS50: Introduction to Computer Science,4118
Justice,Human Health and Global Environmental Change,4011
CS50: Introduction to Computer Science,Human Health and Global Environmental Change,3735
Circuits and Electronics,Introduction to Solid State Chemistry,3643
Health in Numbers: Epidemiology and Statistics,Human Health and Global Environmental Change,3605
Health in Numbers: Epidemiology and Statistics,Introduction to Computer Science and Programming,3359
Human Health and Global Environmental Change,Introduction to Biology: The Secret of Life,3281
Introduction to Biology: The Secret of Life,Electricity and Magnetism,3244
CS50: Introduction to Computer Science,Introduction to Biology: The Secret of Life,3149
Health in Numbers: Quantitative Methods,Introduction to Biology: The Secret of Life,2939
Health in Numbers: Quantitative Methods,Electricity and Magnetism,2808
CS50: Introduction to Computer Science,The Challenges of Global Poverty,2684
Introduction to Computer Science and Programming,Introduction to Biology: The Secret of Life,2683
Introduction to Solid State Chemistry,Electricity and Magnetism,2528
Justice,Introduction to Computer Science and Programming,2522
Justice,The Challenges of Global Poverty,2431
Human Health and Global Environmental Change,Introduction to Computer Science and Programming,2278
The Challenges of Global Poverty,Introduction to Computer Science and Programming,2244
Health in Numbers: Quantitative Methods,Circuits and Electronics,2137
Justice,Introduction to Biology: The Secret of Life,2137
Health in Numbers: Epidemiology and Statistics,Introduction to Solid State Chemistry,2026
Electricity and Magnetism,Mechanics ReView,1870
Justice,Electricity and Magnetism,1870
CS50: Introduction to Computer Science,Mechanics ReView,1852
Circuits and Electronics,Introduction to Biology: The Secret of Life,1742
Human Health and Global Environmental Change,Electricity and Magnetism,1674
The Challenges of Global Poverty,Introduction to Biology: The Secret of Life,1559
Introduction to Solid State Chemistry,Introduction to Biology: The Secret of Life,1497
Circuits and Electronics,Mechanics ReView,1490
The Challenges of Global Poverty,Electricity and Magnetism,1458
Health in Numbers: Quantitative Methods,Health in Numbers: Epidemiology and Statistics,1399
Introduction to Computer Science and Programming,Mechanics ReView,1347
Justice,Circuits and Electronics,1329
Health in Numbers: Epidemiology and Statistics,The Challenges of Global Poverty,1255
Health in Numbers: Epidemiology and Statistics,Circuits and Electronics,1240
Human Health and Global Environmental Change,Circuits and Electronics,1126
Health in Numbers: Epidemiology and Statistics,Introduction to Biology: The Secret of Life,1092
Health in Numbers: Quantitative Methods,Introduction to Solid State Chemistry,1031
Circuits and Electronics,The Challenges of Global Poverty,1025
Elements of Structures,Electricity and Magnetism,973
Health in Numbers: Quantitative Methods,Mechanics ReView,942
Human Health and Global Environmental Change,Introduction to Solid State Chemistry,879
Circuits and Electronics,Elements of Structures,832
CS50: Introduction to Computer Science,Elements of Structures,831
Elements of Structures,Introduction to Computer Science and Programming,799
Justice,Introduction to Solid State Chemistry,772
Elements of Structures,Mechanics ReView,682
Justice,Health in Numbers: Epidemiology and Statistics,672
Justice,Mechanics ReView,665
Human Health and Global Environmental Change,Mechanics ReView,632
Introduction to Solid State Chemistry,Mechanics ReView,620
The Challenges of Global Poverty,Introduction to Solid State Chemistry,536
Introduction to Biology: The Secret of Life,Mechanics ReView,532
Health in Numbers: Epidemiology and Statistics,Electricity and Magnetism,450
Health in Numbers: Quantitative Methods,Elements of Structures,408
Elements of Structures,Introduction to Solid State Chemistry,399
Elements of Structures,Introduction to Biology: The Secret of Life,374
Human Health and Global Environmental Change,Elements of Structures,349
Justice,Elements of Structures,243
The Challenges of Global Poverty,Mechanics ReView,216
The Challenges of Global Poverty,Elements of Structures,168
Health in Numbers: Epidemiology and Statistics,Mechanics ReView,163
Health in Numbers: Epidemiology and Statistics,Elements of Structures,92
